44,429,0.0,2
88,849,0.0,2
109,382,0.0,2
200,370,0.0,2
213,995,0.0,2
256,517,0.0,2
296,940,0.0,2
329,411,0.0,2
353,567,0.0,2
441,769,0.0,2
459,525,0.0,2
477,1045,0.0,3
636,828,0.0,2
712,1022,0.0,2
720,910,0.0,2
224,1056,0.0006734006734006733,3
369,1052,0.0006734006734006733,3
396,1057,0.0006734006734006733,3
522,1053,0.0006734006734006733,3
546,1049,0.0006734006734006733,3
999,1054,0.0007913896802785689,4
445,1060,0.0008978675645342311,4
115,1051,0.0009496676163342828,3
492,1047,0.0009496676163342828,3
0,185,0.00101010101010101,2
17,572,0.00101010101010101,2
27,116,0.00101010101010101,2
45,410,0.00101010101010101,2
61,70,0.00101010101010101,2
91,516,0.00101010101010101,2
126,468,0.00101010101010101,2
153,982,0.00101010101010101,2
156,923,0.00101010101010101,2
162,379,0.00101010101010101,2
180,815,0.00101010101010101,2
236,586,0.00101010101010101,2
290,542,0.00101010101010101,2
334,526,0.00101010101010101,2
427,863,0.00101010101010101,2
437,730,0.00101010101010101,2
527,689,0.00101010101010101,2
548,757,0.00101010101010101,2
735,779,0.00101010101010101,2
1005,1082,0.00101010101010101,3
768,1058,0.0010158565714121267,4
64,1086,0.0012403234625456847,4
20,1072,0.0012863679530346196,3
216,1083,0.0012863679530346196,3
462,1073,0.0012863679530346196,3
748,1074,0.0012863679530346196,3
275,1063,0.0013113087187161259,5
32,1093,0.0009822824637639451,6
494,1046,0.0013468013468013467,3
930,1044,0.0013468013468013467,3
50,685,0.0014245014245014244,2
86,702,0.0014245014245014244,2
103,1013,0.0014245014245014244,2
203,954,0.0014245014245014244,2
314,406,0.0014245014245014244,2
415,485,0.0014245014245014244,2
708,812,0.0014245014245014244,2
62,1059,0.0014590347923681257,4
501,1104,0.0015338570894126448,5
111,1066,0.0015971682638349302,4
63,1085,0.0016835016835016832,3
860,1107,0.0014647903536792427,4
749,1070,0.0016835016835016832,3
858,1079,0.0016835016835016832,3
47,442,0.00202020202020202,2
69,835,0.00202020202020202,2
125,876,0.00202020202020202,2
199,300,0.00202020202020202,2
205,722,0.00202020202020202,2
298,323,0.00202020202020202,2
376,530,0.00202020202020202,2
391,597,0.00202020202020202,2
397,798,0.00202020202020202,2
504,840,0.00202020202020202,2
535,908,0.00202020202020202,2
875,1121,0.0016230682897349562,3
147,1122,0.002000057555613111,4
913,1123,0.0017180350513683843,5
1043,1050,0.00202020202020202,4
121,1100,0.0020979020979020975,3
398,1094,0.002123162616989777,7
900,1127,0.00199348484670844,8
801,1077,0.0022360355693689022,3
289,1115,0.0022964689631356297,3
823,1064,0.0023003060040097073,5
42,918,0.0024346024346024345,2
212,583,0.0024346024346024345,2
766,1133,0.002434602434602434,3
282,997,0.0024346024346024345,2
447,850,0.0024346024346024345,2
533,590,0.0024346024346024345,2
814,846,0.0024346024346024345,2
964,1097,0.0024950358283691615,3
935,1106,0.0025334062371099404,5
46,1120,0.0025727359060692388,3
803,1111,0.002572735906069239,3
335,1142,0.002138191027079916,4
1065,1071,0.0026418026418026414,5
36,444,0.0028490028490028487,2
899,990,0.0028490028490028487,2
892,1105,0.002998647443091887,6
226,1147,0.00264734503417631,7
678,1069,0.00303030303030303,3
192,737,0.0030303030303030303,2
395,539,0.0030303030303030303,2
745,1151,0.0029094362427695753,3
727,931,0.0030303030303030303,2
861,1008,0.0030303030303030303,2
770,1098,0.0030475697142363805,3
953,1155,0.0030159141270252377,4
756,1134,0.0030562030562030556,4
433,1078,0.0031857031857031857,3
687,1119,0.0032461365794699123,3
54,1143,0.0033353477797922236,5
22,970,0.0034447034447034446,2
43,799,0.0034447034447034446,2
178,589,0.0034447034447034446,2
246,1163,0.0030475697142363805,3
267,1040,0.0034447034447034446,2
446,710,0.0034447034447034446,2
493,957,0.0034447034447034446,2
510,683,0.0034447034447034446,2
632,818,0.0034447034447034446,2
782,800,0.0034447034447034446,2
99,1135,0.0035051368384701716,3
755,1171,0.0029957696624363286,4
438,1112,0.0035224035224035223,3
509,1153,0.003582836916170249,3
193,1157,0.003641351789499937,5
1024,1061,0.003703703703703703,4
274,1095,0.00370945926501482,4
1038,1137,0.003781403781403781,3
141,743,0.0038591038591038584,2
562,916,0.0038591038591038584,2
686,773,0.0038591038591038584,2
137,659,0.00404040404040404,2
163,449,0.00404040404040404,2
330,558,0.00404040404040404,2
341,740,0.00404040404040404,2
393,851,0.00404040404040404,2
622,711,0.00404040404040404,2
866,1014,0.00404040404040404,2
1102,1110,0.004247604247604247,5
654,1084,0.004256237589570923,3
58,729,0.004273504273504274,2
60,336,0.004273504273504274,2
146,467,0.004273504273504274,2
167,741,0.004273504273504274,2
1089,1126,0.004305879305879306,6
181,1195,0.0039252928141817025,7
431,1114,0.004316670983337649,3
821,1173,0.004354082131859909,4
134,1080,0.004377104377104377,3
287,1199,0.004264870931537598,4
301,1150,0.004377104377104377,3
1002,1197,0.004403004403004403,4
138,1027,0.004454804454804454,2
371,473,0.004454804454804454,2
540,1204,0.004178537511870845,3
581,928,0.004454804454804454,2
651,754,0.004454804454804454,2
563,1169,0.004515237848571181,3
237,1175,0.004574072475307042,6
645,1181,0.0046533713200379865,3
789,1087,0.004739704739704739,5
266,1208,0.004785749230193674,4
491,1141,0.004791504791504791,4
252,1192,0.004791504791504792,3
691,1190,0.004797260352815907,4
967,1130,0.004851938185271518,4
94,356,0.004869204869204869,2
747,1217,0.004869204869204868,3
229,934,0.004869204869204869,2
218,1209,0.004885085955044802,7
315,1180,0.004929638262971596,3
6,1149,0.0050792828570606335,4
1062,1103,0.005257705257705258,5
154,1223,0.00438957475994513,6
1101,1108,0.005257705257705258,6
1092,1144,0.005464905464905465,8
848,1138,0.005525338858672191,3
927,1216,0.005611672278338945,5
208,790,0.005698005698005697,2
618,1166,0.005741172407839074,3
670,1230,0.004474948919393363,4
620,1231,0.004850978925052998,5
912,1090,0.005867794756683644,4
101,885,0.0058793058793058794,2
136,470,0.0058793058793058794,2
265,402,0.0058793058793058794,2
1125,1131,0.00596995596995597,9
259,1067,0.006000172666839333,3
959,1162,0.006017439350772683,3
425,1174,0.0060433393766727095,4
615,1185,0.00606060606060606,3
285,1241,0.005617427839650061,4
255,667,0.006060606060606061,2
291,674,0.006060606060606061,2
405,843,0.006060606060606061,2
621,1017,0.006060606060606061,2
179,1219,0.006216006216006216,3
1088,1113,0.0062678062678062675,6
655,1248,0.005642048851925395,7
901,1222,0.006291787773269254,5
831,1220,0.0063044002687349734,8
662,1186,0.00633687300353967,3
955,1221,0.006428961984517539,4
394,591,0.006475006475006474,2
499,853,0.006475006475006474,2
23,1159,0.006673573340240007,4
455,1256,0.0065469509913954355,5
383,1225,0.006705868434263494,7
989,1234,0.006828973495640161,3
190,367,0.006889406889406889,2
309,627,0.007303807303807304,2
40,1254,0.007424674091340758,3
240,1262,0.007280785058562835,4
889,1128,0.007470268558517301,9
276,1193,0.007485107485107484,3
926,1196,0.0076852731173718825,8
139,1172,0.00771341141711512,5
596,1160,0.007722044759081795,6
10,1170,0.00788224121557455,3
29,286,0.0078995078995079,2
528,890,0.0078995078995079,2
593,1154,0.008020374687041353,3
403,707,0.008132608132608132,2
585,1003,0.008132608132608132,2
776,1240,0.008167141500474833,5
352,1237,0.008190483499125472,10
676,1164,0.008423263978819533,4
188,987,0.008495208495208495,2
496,806,0.008495208495208495,2
168,1253,0.008545090026571507,5
251,1280,0.007770007770007768,6
643,1109,0.008575786353564131,4
211,1282,0.006634243671280707,5
166,1129,0.008619672508561398,4
408,1236,0.008693775360442026,3
78,1259,0.008751330973553195,4
879,1283,0.008775951985828527,6
587,1136,0.00892687559354226,3
417,1288,0.007939796828685718,4
1132,1183,0.008935508935508934,4
633,1191,0.009263575930242596,3
1048,1139,0.009298109298109298,5
502,839,0.009324009324009324,2
234,401,0.009505309505309504,2
1096,1118,0.009505309505309506,5
837,1250,0.009638726614035255,6
1161,1167,0.00973840973840974,4
1016,1249,0.009879314406063378,8
98,623,0.009919709919709918,2
897,1239,0.00993697660364327,4
35,299,0.010101010101010102,2
734,883,0.010101010101010102,2
303,1213,0.01019213982176945,5
332,1299,0.010195976862643528,3
128,907,0.010334110334110334,2
9,1218,0.010400299289188179,4
131,454,0.010515410515410516,2
83,1243,0.010532677199343865,3
512,983,0.010567210567210569,2
555,1266,0.010736519995779254,9
48,1310,0.008461119229294812,10
258,1177,0.010840599729488616,5
988,1165,0.010886644219977553,3
49,1140,0.011060350257881123,6
606,862,0.011111111111111112,2
1145,1158,0.011227661227661227,5
191,1285,0.011315433537655756,4
871,1116,0.011326944660277992,3
374,1318,0.008811764367319922,4
416,1176,0.011335578002244669,5
532,859,0.011396011396011395,2
628,1275,0.011447491694405273,6
893,1305,0.011525511525511525,3
1189,1211,0.011525511525511525,10
1000,1324,0.00850021796523854,11
479,1264,0.01177720581393802,10
725,1242,0.011867967423522977,5
187,225,0.01193991193991194,2
261,869,0.01193991193991194,2
948,1323,0.0120327203660537,4
228,981,0.012121212121212121,2
381,1287,0.012298621969403862,7
378,418,0.012768712768712769,2
1156,1198,0.012904687904687904,8
385,1258,0.012907325870288833,8
607,1329,0.013442113442113442,3
317,1246,0.013468013468013466,3
95,294,0.013545713545713545,2
613,1188,0.01357593024259691,3
763,1055,0.01374428041094708,3
544,888,0.01414141414141414,2
1148,1226,0.014167314167314166,15
771,1279,0.014227747561080896,3
937,1327,0.014253407771926291,6
260,458,0.014374514374514376,2
1091,1152,0.0144004144004144,6
1124,1215,0.01441983941983942,9
1202,1297,0.01443278943278943,8
898,1342,0.014454242517799901,16
996,1245,0.014525597858931191,3
312,1286,0.014568284938655309,5
529,1338,0.014685314685314685,3
1233,1295,0.01486013986013986,9
1075,1276,0.01487956487956488,12
550,1194,0.015168781835448503,3
87,1261,0.01522921522921523,3
785,1281,0.015331376442487554,7
534,1284,0.01540979596535152,5
594,1020,0.015565915565915566,2
1179,1277,0.015617715617715616,6
557,1332,0.01575123042887103,8
430,461,0.0157990157990158,2
668,1025,0.01598031598031598,2
538,1269,0.01606736884514662,4
152,325,0.01616161616161616,2
65,902,0.016213416213416213,2
475,738,0.017586117586117587,2
543,922,0.017586117586117587,2
566,1289,0.01797749575527353,5
817,986,0.01818181818181818,2
665,1344,0.018671760338427004,7
1238,1265,0.018803418803418803,6
1212,1214,0.019515669515669513,7
346,1322,0.019796039960649013,7
513,1353,0.01981831611461241,10
629,1368,0.019882586549253213,3
556,1346,0.01995501069575143,7
881,1377,0.016327488241068486,8
349,1348,0.020237193076699248,9
605,1291,0.020527209416098303,4
432,1357,0.020637311172290593,8
221,598,0.020720020720020722,2
1292,1347,0.020765345765345767,14
816,1383,0.016753692885380124,15
471,660,0.021082621082621083,2
34,326,0.021373996373996375,2
215,1334,0.021506294345800515,9
680,761,0.02173012173012173,2
350,1339,0.02178120233675789,4
324,682,0.02227402227402227,2
1251,1255,0.022293447293447295,10
183,1373,0.022839346296136417,8
1099,1326,0.022860010360010362,12
564,1306,0.022961811850700738,5
679,1354,0.022982595822101992,13
337,1009,0.02364672364672365,2
847,1372,0.023960401738179513,7
53,717,0.02406112406112406,2
480,537,0.024475524475524476,2
423,714,0.024812224812224812,2
133,1360,0.025137733779709084,7
498,1316,0.02537051425940315,6
1224,1320,0.02553095053095053,11
822,1403,0.022481648819097373,12
351,1330,0.025614406169961725,5
732,984,0.025666925666925668,2
1227,1278,0.025666925666925668,5
250,1387,0.02568728330045202,10
273,1314,0.026006956768273637,7
117,1379,0.026095608400135147,10
878,1393,0.026237748329146996,13
466,1358,0.026357752900962768,6
390,1395,0.026565349839241012,14
1247,1300,0.026754726754726753,7
1015,1414,0.02579802456345666,8
911,1391,0.026955488470501422,11
650,1416,0.022184245254915375,12
511,1392,0.02697663561861093,9
380,775,0.02707200207200207,2
102,124,0.027324527324527323,2
624,1384,0.027508421061233128,16
71,1407,0.0275130219574664,6
1028,1375,0.02764108319663875,11
1146,1312,0.02775835275835276,7
949,1424,0.027077597756610096,8
392,1425,0.02403743566295006,9
994,1404,0.02777488223304409,13
484,1427,0.02222151165909739,14
233,1361,0.02779554777725788,9
969,1397,0.02785212044471304,8
100,1430,0.02264397696496462,9
1232,1293,0.02801087801087801,7
690,1432,0.027038667779408516,8
1012,1411,0.02868727851073022,14
834,1413,0.028691495505497433,15
764,1401,0.02903851216608418,8
703,1436,0.02880377763779684,9
1272,1304,0.029273504273504274,6
637,1438,0.02694370101777509,7
580,1439,0.028801148554234976,8
72,1410,0.02929623341145975,11
149,1415,0.029348459801134694,9
677,1307,0.029478546145212812,3
854,1433,0.0295735661990806,9
649,1434,0.02964510359155296,15
129,1445,0.029370113785928523,16
165,1446,0.028308556447161355,17
681,1447,0.028961142394372884,18
1001,1448,0.028172232649976148,19
1021,1449,0.027909262735177232,20
979,1450,0.0288316336165333,21
786,1311,0.02972479771748176,11
16,1418,0.029766235390378044,10
41,1453,0.02893202243910977,11
642,1454,0.02938619465063605,12
264,1290,0.029819563152896484,5
74,1423,0.029901206855939368,12
373,998,0.030212380212380215,2
765,1437,0.030385183242979306,10
186,1459,0.03036089382682889,11
796,1257,0.03046514527996009,6
84,1442,0.030524619413508303,10
1037,1462,0.029581335022578734,11
414,1463,0.03055946858720826,12
697,1455,0.03083252352164611,13
52,1465,0.029300880143400754,14
877,1466,0.029780315359523586,15
966,1457,0.030853112746116858,13
505,1440,0.03090395353769839,9
320,1469,0.02931172368758102,10
339,1470,0.028289093081045522,11
440,1471,0.02845272787354787,12
952,1472,0.028709403012100766,13
439,464,0.03095053095053095,2
328,1464,0.030975717781590868,13
778,1402,0.030990819879708767,7
648,1408,0.03123219817321326,11
448,1477,0.029428528422584206,12
280,1478,0.028831154055967347,13
753,1479,0.02812890320384096,14
917,1480,0.027894819586465502,15
474,1481,0.028321770943435437,16
451,1482,0.02570653049633783,17
634,1435,0.0312503925367818,16
8,269,0.031313131313131314,2
318,1313,0.03139586750697862,4
169,1484,0.03144128707474403,17
925,1487,0.030007955660662167,18
599,1336,0.031800915134248466,4
230,1335,0.03212809392507608,9
217,322,0.032141932141932145,2
135,1178,0.0322829433940545,4
412,1267,0.03243674478242379,6
219,1319,0.032478632478632474,5
830,1494,0.030981547030929747,6
422,1495,0.032210572539790636,7
26,1468,0.03249355430425389,14
357,1497,0.029349703286603142,15
372,1498,0.03010662319880088,16
170,1499,0.03152208468132531,17
1018,1200,0.03275298090112905,5
884,1501,0.032449854672076894,6
578,1502,0.03186182815812445,7
873,1503,0.03089279769663857,8
161,1428,0.03285540462800027,15
130,1505,0.03173909811617478,16
96,1506,0.031703381792291,17
783,1325,0.03288066909466086,12
361,1331,0.03300526633859967,3
974,1508,0.033179283247870346,13
231,1444,0.033334695245989254,10
872,1303,0.033428939601779104,6
709,1252,0.03369593369593369,4
108,1513,0.03174383915124655,5
450,1514,0.03165622671795511,6
787,1515,0.03080003368069211,7
792,1317,0.033844619029804214,5
638,1201,0.033894500561167225,4
338,1518,0.031518412999894475,5
520,1519,0.029024656185150006,6
601,1520,0.02890858569870915,7
906,1521,0.028649372270771446,8
304,1522,0.029493462049474853,9
452,1523,0.03088481965177591,10
263,1349,0.03394950702906807,17
277,1263,0.03417652306541195,5
1350,1366,0.03424307174307174,5
553,1527,0.030731579805653875,6
85,488,0.03434343434343434,2
781,1511,0.034528761049108556,11
4,209,0.03466718466718467,2
514,1467,0.03481450757667685,16
400,1205,0.03483841261619039,4
657,1533,0.03443072702331962,5
1184,1228,0.03487438487438487,7
692,1535,0.02816494586041911,8
160,1431,0.03519760227579157,10
614,1537,0.031352093857809446,11
739,1538,0.029680273042565375,12
254,604,0.03533411033411033,2
456,1516,0.03535985936534633,8
76,1541,0.03237462972259497,9
784,1510,0.0357175647375312,14
122,1308,0.03579383579383579,4
279,1421,0.035888269633125594,17
1026,1545,0.03264526611069313,18
184,1546,0.03354131559859006,19
736,1488,0.03658751425414767,19
924,1380,0.036907536907536904,5
247,1549,0.03456630246753703,6
976,1550,0.034975906580844845,7
584,1351,0.03719595447990509,6
428,1429,0.037602458761580845,10
249,1364,0.03779125538384798,5
420,1554,0.03499389270994209,6
105,1340,0.03796656018878241,4
914,1524,0.037983744631613345,11
536,1460,0.03801115723586891,12
79,1555,0.03822750561433688,7
942,1376,0.03839534950646062,4
752,1117,0.038660105326771985,3
302,1417,0.03870832712303355,13
579,1296,0.03873458122429316,7
257,1539,0.03926077065334292,13
503,1558,0.039349120405531186,13
780,1547,0.03938343680309392,20
1010,1270,0.039670206336873,3
852,1512,0.039883055520915596,7
595,1492,0.04020067723771427,5
619,1569,0.0339805142274278,6
143,1570,0.03226482403437135,7
404,1571,0.0340585695866903,8
377,1572,0.031119029152865452,9
21,1573,0.03592622949428314,10
774,1574,0.03099900451422069,11
905,1575,0.03092200885897646,12
270,1576,0.037603467622322015,13
656,1294,0.040205473538806866,3
292,1578,0.035877291432846986,4
576,1579,0.0386063867545349,5
238,1244,0.04095657428990762,3
327,1581,0.0349765460876572,4
362,1582,0.03254290291327328,5
365,1583,0.033547887868875526,6
489,1584,0.04032404876026274,7
616,1585,0.03945517217122155,8
824,1517,0.04108959170687565,6
355,1587,0.03588134164265851,7
305,1588,0.039143510302632384,8
870,1374,0.04164280062771146,8
939,1560,0.04229570155496082,5
963,1389,0.042808665956814096,5
239,1586,0.043121979884668496,9
171,1548,0.04324229249036413,20
971,1390,0.043451610118276786,3
515,1359,0.04384874384874385,3
359,1396,0.04398687732021065,3
268,1382,0.04461711128377795,3
278,1598,0.036757892313447865,4
55,1599,0.03412856005448598,5
453,1600,0.03758061782753141,6
867,1601,0.04463682941049196,7
106,1399,0.045195545195545195,3
194,1367,0.045592678926012264,3
204,1496,0.0457346139101969,8
932,1343,0.045811390255834694,4
813,1591,0.045835691514703854,6
155,1607,0.04256205614230305,7
943,1608,0.04418835749425598,8
819,1609,0.035828570487921194,9
1032,1567,0.046220035108924,4
951,1602,0.04630737219900456,8
695,1604,0.046398457509568614,4
419,1613,0.04064385545867027,5
1029,1614,0.0335504458961249,6
1031,1615,0.03517767098014011,7
202,1616,0.03654976837418538,8
760,1617,0.032613639472350034,9
641,1475,0.046672780601805644,14
724,1596,0.04676105787216898,4
653,1620,0.041037152148263256,5
977,1474,0.04735388068721402,3
386,1622,0.036993870327203665,4
343,1623,0.035759302425969086,5
164,1553,0.05031232045533727,11
195,1625,0.043436754414501705,12
920,1458,0.051148234481567814,3
506,1627,0.04858700969812081,4
856,1628,0.0376878950953025,5
284,1629,0.04009619781224719,6
1011,1381,0.05218516517099049,9
340,1489,0.052425969092635756,5
675,1589,0.05304208357477676,9
283,1345,0.05315548648881982,3
223,1385,0.053323836657169985,3
733,1568,0.054098972205968085,8
421,1636,0.04327720239928744,9
342,1485,0.054485021151687824,3
804,1612,0.05481892956744351,9
113,832,0.05555555555555555,2
119,1640,0.04808771475438142,3
882,1641,0.04506964229186451,4
1041,1642,0.04715363511659807,5
903,1643,0.04143180778983248,6
140,1644,0.04884198639342672,7
1034,1456,0.055682177904400124,6
519,1646,0.04904313793202681,7
293,1635,0.05657285101729546,4
672,1648,0.048429691022283616,5
495,1528,0.0567075471396459,7
808,1650,0.05055970169138893,8
577,1651,0.04887717703218389,9
1068,1182,0.05757575757575758,4
820,1531,0.057640507640507634,3
838,1654,0.053027425249647465,4
716,1452,0.05777578010850377,12
333,1543,0.05789590837093759,15
90,1657,0.042717872108717,16
1004,1378,0.058216943093486295,9
1187,1203,0.0587930587930588,4
354,560,0.059000259000258994,2
573,1661,0.03953207286540619,3
345,1662,0.05064606175717287,4
288,1663,0.0564294416146268,5
15,1624,0.059156938169283836,6
500,1665,0.043110539818358745,7
958,1534,0.059263096300133336,6
75,150,0.05941465941465941,2
1369,1486,0.05976754726754726,9
1042,1669,0.05332476927127132,10
51,307,0.06001036001036001,2
426,868,0.06001036001036001,2
1235,1660,0.06001036001036001,6
762,1461,0.06006674319431521,7
56,465,0.06042476042476043,2
1081,1302,0.06060606060606061,4
281,1493,0.060756344706961986,7
1019,1632,0.06109192590674073,6
826,1678,0.048275250127101973,7
880,1649,0.061392494108543486,6
571,829,0.062030562030562036,2
145,1564,0.06237794362233388,14
481,1668,0.062384529051195715,3
319,1683,0.05067483956372844,4
364,531,0.06267806267806268,2
574,1685,0.05355262021928689,3
609,1680,0.06274595698464011,7
1229,1271,0.06295001295001296,4
245,827,0.06304066304066304,2
551,663,0.06345506345506345,2
968,1690,0.05818872485539152,3
985,1684,0.06380519343482306,5
1341,1363,0.06405076405076404,4
198,1679,0.06410890587845319,8
1260,1321,0.06428386428386428,4
644,673,0.06464646464646465,2
242,1696,0.04640421307087973,3
73,1630,0.06522380606742746,7
929,1697,0.06542634320412097,4
972,1033,0.0657083657083657,2
310,1694,0.06661830692466265,9
214,602,0.0668997668997669,2
1,1639,0.06702203606257866,10
368,617,0.06731416731416731,2
1210,1673,0.06758611758611759,9
1168,1328,0.06793576793576793,4
1441,1653,0.06841491841491842,15
575,1698,0.06875244478125137,8
490,1686,0.06919335808224697,4
1333,1420,0.06921781921781922,4
841,1691,0.06934012489568045,4
80,1711,0.06664460368164071,5
696,1709,0.0693967212485731,5
1337,1365,0.0707070707070707,5
592,1701,0.07072128394335375,10
1268,1693,0.07080419580419581,10
1706,1710,0.07114737114737114,8
1273,1406,0.07123802123802123,4
1315,1580,0.07167832167832167,7
719,1687,0.07210863870671827,8
1006,1720,0.07152999754737295,9
172,424,0.07229344729344729,2
295,1722,0.06628032461365793,3
693,744,0.07254597254597255,2
1076,1529,0.07272727272727272,4
887,1721,0.07288600463421374,10
297,568,0.0728891478891479,2
1451,1705,0.07297008547008547,30
694,1664,0.07301121375195449,6
886,1729,0.07154796887307174,7
197,1730,0.06524024672172819,8
975,1699,0.07349659942252534,5
1355,1676,0.0738085988085988,7
189,1713,0.07442963986173862,6
671,1703,0.07462144091595901,11
112,1735,0.06716210472201259,12
11,1606,0.07471390063982655,5
159,1737,0.06811642861025577,6
469,1352,0.07494028605139716,4
227,1732,0.07516635170956157,6
366,865,0.07609427609427609,2
248,1712,0.07636166988018839,6
1356,1542,0.07637917637917638,12
1500,1717,0.07667055167055166,25
825,1744,0.07467253142807907,26
463,1745,0.07026528024616764,27
809,1728,0.07701130235746861,31
635,1747,0.057900075470817616,32
39,1748,0.06669716451476196,33
728,1749,0.06948580488996951,34
945,1750,0.06552233709656774,35
921,1751,0.07063221918682779,36
549,1742,0.07708532513059262,7
177,1753,0.07437293692437724,8
476,1754,0.05359756333693233,9
174,1755,0.0676391482937741,10
1036,1756,0.0637163352133123,11
110,751,0.07727920227920228,2
182,1738,0.07763879163056117,7
13,1704,0.07799361132694466,3
647,1760,0.0639845750956862,4
874,1761,0.07411532226347041,5
833,1762,0.06323843052238112,6
443,1763,0.06976672923174979,7
721,1764,0.05575769300049134,8
524,1765,0.047053697373770534,9
31,1766,0.07242760259830827,10
348,1671,0.07840801174134507,3
1473,1526,0.0786065786065786,18
758,805,0.07865837865837866,2
646,1770,0.06931710265043597,3
521,1771,0.06959624737402514,4
77,1746,0.07874448431418903,28
993,1773,0.07814641552671739,29
1718,1743,0.07876845376845376,16
331,1775,0.07853606420813317,17
978,1776,0.07061414622959554,18
436,1777,0.0745728601220556,19
19,1778,0.0619751679735447,20
241,1767,0.07877652754195963,11
723,1780,0.07378545780720246,12
980,1781,0.07590567728927396,13
313,1782,0.06475933552758636,14
561,1783,0.06119072165165083,15
894,1784,0.057509044143109714,16
434,1785,0.06594851004418575,17
909,1786,0.060247093451849046,18
363,1726,0.07888518777610887,11
1419,1707,0.07926379176379177,17
1398,1443,0.08029331779331779,5
661,718,0.08044548044548044,2
28,1791,0.07355607355607355,3
960,1792,0.05888514777403665,4
262,1793,0.0793500052759312,5
1274,1483,0.08089225589225589,19
482,1741,0.08092031425364758,3
552,1796,0.06936314714092491,4
1530,1688,0.08135198135198135,15
311,1798,0.07278236691901613,16
797,1799,0.0715745250367626,17
132,1800,0.07496821062174507,18
151,1692,0.08151361669880186,6
243,1779,0.0818482648553364,21
5,1803,0.07037683673036108,22
625,1739,0.08311414237340162,5
1206,1536,0.08315203315203315,10
836,864,0.08357938357938359,2
1733,1795,0.08456682206682206,26
547,1808,0.07242158507483105,27
788,1809,0.0722625380241973,28
388,1810,0.08190029015254238,29
565,1759,0.0849014928575971,8
472,1723,0.08557728279950501,4
508,1813,0.07124353698427772,5
1507,1714,0.0856060606060606,22
518,1815,0.07288884059983766,23
795,1816,0.0690369075475481,24
457,1797,0.08631999002369373,5
554,1734,0.08648007989571774,7
750,1819,0.08653259051064263,8
965,1820,0.07145606345423446,9
1030,1821,0.07048655533642578,10
407,1708,0.08697433280195055,9
569,1731,0.08752472019504483,9
1362,1594,0.08774928774928775,22
1298,1532,0.08803418803418803,24
794,1736,0.08808267216129047,13
321,1827,0.07699277990034631,14
375,1828,0.08155001066500178,15
1400,1551,0.0886039886039886,9
658,1817,0.0886410194479931,25
478,1831,0.06796595865213426,26
1552,1789,0.08889212639212639,23
144,1833,0.08136341396176447,24
207,1727,0.08891694725028057,3
742,1716,0.0890143565726556,11
384,1787,0.08926801073411535,19
715,1837,0.07613929041273568,20
82,1838,0.07733956153413817,21
232,1839,0.07329946110825744,22
37,1840,0.06763420634150388,23
946,1675,0.08960977294310626,3
123,1645,0.08981020503654247,8
1490,1563,0.0904072779072779,16
944,1844,0.0876141110099348,17
89,1772,0.09135610617092099,5
791,1846,0.08721721808141561,6
1476,1544,0.09212639212639212,11
487,1794,0.09290019536933117,6
57,1804,0.09342108743335027,23
210,1788,0.09459672316621628,12
104,1758,0.09465811965811965,3
18,1852,0.09477395032950588,4
158,1853,0.08839007357525876,5
409,1854,0.06752296628839838,6
12,1855,0.07209277538495645,7
915,1856,0.08508873512302867,8
1422,1561,0.09520202020202019,9
497,1841,0.09531416720174435,24
358,1768,0.09532360643471752,4
507,1757,0.09590380195089843,12
68,1861,0.09326633323243483,13
24,1862,0.09134000562926821,14
460,1715,0.09598058323100235,11
811,1864,0.07985070774872463,12
25,1865,0.08834529764463661,13
1371,1394,0.09600653975653976,12
1790,1867,0.09601139601139601,17
844,1868,0.08017465819249082,18
767,1869,0.0725257349844557,19
387,1870,0.08106519105689286,20
142,1871,0.09527296770038673,21
938,1672,0.09609772943106276,3
435,1857,0.09620779861977848,9
120,1874,0.09167679613876839,10
777,1842,0.0969610636277303,4
1039,1801,0.09792468917147541,19
855,1877,0.0726220267483968,20
956,1878,0.06705706632058164,21
904,1879,0.09027675064507171,22
1007,1880,0.08346067352970088,23
810,1881,0.07924853127170059,24
1509,1605,0.097986272986273,11
272,1872,0.09817207879815017,22
118,1884,0.09435570408560197,23
759,1885,0.07831889806069442,24
631,1886,0.09074664534865091,25
33,1887,0.09341845857346015,26
1504,1619,0.09901903651903651,22
699,1851,0.10029608741413061,13
107,1873,0.10154896543785433,4
726,1888,0.10189985190549401,27
1557,1825,0.10199106449106449,33
961,1893,0.09620994101937376,34
1611,1634,0.1021820771820772,7
1370,1610,0.10234395234395235,11
941,1843,0.10276615118864776,9
1695,1883,0.10287490287490289,15
700,1898,0.08609091499910988,16
684,1875,0.10304081508801317,11
666,1899,0.10311217525395579,17
612,1769,0.10356793694840627,19
1405,1830,0.10360334110334112,14
97,1903,0.09703567769030348,15
30,1902,0.10525474845248817,20
1540,1603,0.1056947681947682,5
1674,1826,0.1062030562030562,31
66,1907,0.09656192775443424,32
306,1866,0.10632687523904047,14
664,1905,0.10680598553579748,21
603,1889,0.10690841115116809,23
175,1805,0.10788455942776931,6
483,1812,0.10830598553506646,9
14,1913,0.08069614737805562,10
157,1834,0.1084706035656376,25
933,1752,0.10858699601206095,37
630,1916,0.09488601414101007,38
992,1904,0.10888792851019136,16
93,1811,0.11052650222002608,30
196,1806,0.11065008591300314,11
389,1920,0.0965685278328168,12
600,1921,0.10756690415660083,13
793,1914,0.11149118343143644,11
81,1923,0.1002245668963141,12
639,1924,0.08129737508756063,13
704,1925,0.10067685467786325,14
611,1849,0.11242028814045274,7
1562,1565,0.11262626262626263,26
701,1724,0.11286367953034618,3
706,1823,0.11409457914944883,10
610,1930,0.112022994862247,11
713,1928,0.11477486615667522,27
347,1932,0.1078837478400804,28
2,1910,0.11509365138674674,22
176,1863,0.11582223999591747,15
67,1894,0.11612624270321562,35
1525,1592,0.11657925407925408,22
3,1935,0.1171860885315802,16
1566,1725,0.11724941724941726,24
1409,1656,0.1173254985754986,19
857,1940,0.10955367560729208,20
271,1929,0.11949840283173614,4
1301,1309,0.12043512043512042,4
845,1926,0.12057262595008084,15
486,1937,0.12207291865457116,23
669,1922,0.12239858080981554,14
570,1911,0.12372902555069216,24
626,1918,0.12454036917236969,17
1626,1638,0.12497086247086248,15
705,1895,0.1268357043048401,8
842,1702,0.12684537684537683,3
1559,1943,0.1289448976948977,11
1491,1667,0.1315786065786066,8
1386,1647,0.13281857031857033,9
38,1939,0.1343952580644267,25
1556,1637,0.13501036001036001,13
1207,1677,0.13688163688163688,9
802,919,0.13758741258741258,2
640,1958,0.11993654493654493,3
1906,1954,0.13793706293706295,14
950,1960,0.13833279034467874,15
7,1961,0.11143540916060347,16
1658,1719,0.13837736337736337,23
746,891,0.13914141414141412,2
1682,1953,0.14292281792281794,22
1666,1848,0.1432012432012432,18
895,1962,0.14332614210554565,17
962,1967,0.11118948381137408,18
559,1968,0.1412127673859456,19
244,1951,0.14417321361765803,4
1426,1577,0.14507737632737633,22
1023,1966,0.1467433885357982,19
399,1972,0.11511038045484012,20
253,1973,0.10748227148293195,21
698,1974,0.09555662058879724,22
413,1975,0.09362842786708277,23
523,1976,0.10913352065502538,24
114,1977,0.11869869108292563,25
222,1978,0.1168922855789789,26
1593,1621,0.15135003885003884,14
772,1836,0.15257967573925504,12
220,1981,0.12751264496425294,13
688,1982,0.11390875011512108,14
545,1983,0.1406088863226156,15
731,1984,0.14455748180592518,16
59,1965,0.15289606676364564,23
1412,1659,0.1556980056980057,15
582,1979,0.15615530781365536,27
608,1988,0.1557551120713324,28
991,1989,0.12787765305527285,29
148,1990,0.1471843950462846,30
173,1991,0.1399112911425641,31
652,1992,0.15133547510754222,32
1633,1655,0.15786389536389536,13
1590,1670,0.1586991711991712,18
947,1995,0.15641545832446607,19
92,1996,0.1572300969064674,20
588,1997,0.13011149823204218,21
541,1998,0.14944529677660917,22
1949,1987,0.161001036001036,30
235,2000,0.12119856605898643,31
127,2001,0.15060057318269215,32
344,1994,0.16160430672573128,14
360,2003,0.13225598794067353,15
1035,2004,0.14368865277051696,16
896,2005,0.15147275588571046,17
206,2006,0.12671165233768608,18
308,1971,0.1673914117396084,23
316,2008,0.13975785042114344,24
973,2009,0.15459506587023475,25
1652,1957,0.16828056203056205,18
1597,1980,0.16854118104118104,17
1631,1858,0.17004662004662005,18
1896,2013,0.16320091945091944,29
936,2014,0.11676272866047457,30
807,2011,0.17308258093580448,19
1952,1963,0.1799355736855737,34
201,2017,0.13583177647352532,35
1388,1700,0.18956228956228954,4
1595,2012,0.20104247604247605,20
1681,1860,0.2062030562030562,6
1689,1818,0.2135068635068635,7
1802,1835,0.2192825692825693,9
1618,1956,0.22672235172235172,22
1824,2019,0.23233618233618233,13
1807,1876,0.24792799792799797,6
1829,1847,0.2578153328153328,21
1909,2022,0.2598063973063973,21
1814,1942,0.270027195027195,9
1845,1933,0.27023439523439524,45
2020,2030,0.2557465682465683,65
1927,2021,0.273963998963999,13
2023,2025,0.28328477078477077,22
1822,1931,0.289481351981352,21
1900,2026,0.29462088837088835,17
1740,2029,0.29535094535094536,15
1912,1970,0.30106351981351975,10
2033,2034,0.3022112147112147,43
1908,1950,0.3030464905464906,40
2024,2039,0.23113183113183114,62
1890,2028,0.30942760942760944,34
1917,2027,0.31432433307433305,59
1859,2036,0.31765248640248644,39
1941,1947,0.3253706941206941,44
1891,2032,0.331282375032375,17
2035,2045,0.3365821678321678,34
2031,2044,0.3378965941465942,109
1832,1897,0.34393939393939393,35
1945,2040,0.34580095830095825,85
1892,2046,0.3560784123284123,61
1915,1955,0.35895331520331525,50
1882,2041,0.3610738798238798,58
1774,1901,0.36276223776223776,46
1944,2037,0.3641171328671329,25
1850,1919,0.36609200984200985,53
1934,2048,0.37175278425278424,57
2038,2042,0.3935363247863248,102
2043,2057,0.37130439005439003,141
2055,2058,0.3843337218337219,194
1936,2052,0.3938115125615126,93
1948,2050,0.4032876845376845,78
1938,1946,0.41910936285936284,30
2053,2059,0.4360835923335923,240
2049,2051,0.444271238021238,135
2056,2062,0.4459466459466459,87
2061,2063,0.45217236467236466,318
1986,2010,0.45789303289303296,48
2015,2067,0.428792735042735,78
1959,2054,0.46548012173012177,28
1964,1969,0.46829513079513074,21
2060,2066,0.47301702926702927,411
2065,2071,0.4968256280756281,498
2018,2047,0.5045341232841233,144
2064,2073,0.49886849261849264,279
1999,2069,0.5278927091427091,50
2016,2068,0.5306235431235431,97
2072,2074,0.5373348873348873,777
2002,2007,0.5416877104377105,50
1985,1993,0.550254144004144,48
2077,2078,0.5939879564879564,827
2070,2075,0.604789886039886,71
2079,2081,0.6396804584304585,119
2080,2082,0.6712882025382025,946
2076,2083,0.689716070966071,1043
