21,491,0.0,2
81,1031,0.0,2
86,145,0.0,2
87,378,0.0,2
91,529,0.0,2
119,442,0.0,2
130,379,0.0,2
161,293,0.0,2
191,223,0.0,2
207,962,0.0,2
216,1166,0.0,2
274,750,0.0,2
279,738,0.0,2
305,1046,0.0,2
331,990,0.0,2
438,1050,0.0,2
452,482,0.0,2
459,784,0.0,2
513,989,0.0,2
594,684,0.0,2
621,885,0.0,2
624,1089,0.0,2
701,1138,0.0,2
720,862,0.0,2
852,1115,0.0,2
971,1086,0.0,2
0,1187,0.0005446623093681917,3
18,1186,0.0005446623093681917,3
275,1196,0.0005446623093681917,3
391,1180,0.0005446623093681917,3
469,1198,0.0005446623093681917,3
579,1185,0.0005446623093681917,3
637,1202,0.0005446623093681917,3
849,1177,0.0005446623093681917,3
870,1178,0.0005446623093681917,3
1126,1183,0.0005446623093681917,3
197,1207,0.000635439360929557,4
276,1212,0.000635439360929557,4
473,1208,0.000635439360929557,4
476,1214,0.000635439360929557,5
17,1094,0.0008169934640522876,2
31,139,0.0008169934640522876,2
59,1091,0.0008169934640522876,2
1065,1219,0.0008169934640522875,3
122,494,0.0008169934640522876,2
129,1036,0.0008169934640522876,2
140,428,0.0008169934640522876,2
187,326,0.0008169934640522876,2
198,790,0.0008169934640522876,2
199,587,0.0008169934640522876,2
219,875,0.0008169934640522876,2
285,889,0.0008169934640522876,2
342,502,0.0008169934640522876,2
596,1229,0.0008169934640522875,3
773,1131,0.0008169934640522876,2
819,881,0.0008169934640522876,2
929,1066,0.0008169934640522876,2
259,1189,0.001058201058201058,3
607,1199,0.001058201058201058,3
344,1213,0.0010590656015492617,5
606,1191,0.0010893246187363833,3
800,1192,0.0010893246187363833,3
912,1206,0.0011541653698516443,4
620,1210,0.0011801016702977485,4
1200,1205,0.0012254901960784314,5
642,1240,0.001240619704671992,5
317,1224,0.0013305322128851539,3
453,1218,0.0013616557734204794,3
711,1234,0.0014368710447141817,4
322,1239,0.0014740464086869314,5
41,598,0.0015873015873015873,2
50,716,0.0015873015873015873,2
387,443,0.0015873015873015873,2
415,1134,0.0015873015873015873,2
420,455,0.0015873015873015873,2
869,1179,0.00160286336756925,3
709,1247,0.0016184251478369126,3
1137,1252,0.0016184251478369126,4
892,1242,0.0016305287547117612,6
900,1193,0.001633986928104575,3
9,858,0.0016339869281045752,2
38,951,0.0016339869281045752,2
101,1258,0.001633986928104575,3
39,485,0.0016339869281045752,2
64,1083,0.0016339869281045752,2
108,1169,0.0016339869281045752,2
135,525,0.0016339869281045752,2
204,1165,0.0016339869281045752,2
232,586,0.0016339869281045752,2
313,629,0.0016339869281045752,2
372,1148,0.0016339869281045752,2
581,979,0.0016339869281045752,2
588,843,0.0016339869281045752,2
646,654,0.0016339869281045752,2
755,1244,0.0018155410312273054,4
904,1227,0.001906318082788671,3
560,1267,0.002147525676937442,3
37,1273,0.0017999792509596432,4
950,1274,0.0014939309056956115,5
16,1248,0.0021630874572051042,3
472,1276,0.002131963896669779,4
919,1216,0.0022558817765789443,6
860,1278,0.001683361959324196,7
524,1232,0.002388733271086212,3
1123,1228,0.002388733271086212,3
32,208,0.002404295051353875,2
196,1145,0.002404295051353875,2
271,320,0.002404295051353875,2
496,769,0.002404295051353875,2
1109,1285,0.0018907563025210086,3
603,1146,0.002404295051353875,2
700,760,0.002404295051353875,2
1154,1226,0.0024198568316215374,3
57,707,0.0024509803921568627,2
105,778,0.0024509803921568627,2
424,1122,0.0024509803921568627,2
439,561,0.0024509803921568627,2
458,1223,0.0024509803921568627,3
910,1253,0.0025106338831829026,4
648,1259,0.0026065981948334887,4
409,1295,0.002624753605145762,5
366,1181,0.0026610644257703078,3
147,1269,0.0026921879863056335,3
953,1299,0.002531382923539786,4
386,1260,0.0026921879863056335,3
859,1262,0.0026921879863056335,3
884,1302,0.0019555970536362694,4
911,1275,0.002824463118580766,6
1188,1256,0.0028594771241830064,5
1197,1204,0.002859477124183007,5
114,1243,0.0028893038696960263,4
33,1307,0.00225645813881108,5
1076,1217,0.002964519140989729,3
1018,1245,0.0029965072448732578,5
1100,1237,0.0030604834526403155,4
972,1301,0.0031668222844693436,4
48,789,0.0031746031746031746,2
220,364,0.0031746031746031746,2
377,1314,0.002147525676937442,3
605,954,0.0031746031746031746,2
934,1249,0.0031901649548708375,3
233,1270,0.0032057267351385,3
167,380,0.0032212885154061627,2
253,460,0.0032212885154061627,2
287,814,0.0032212885154061627,2
349,1058,0.0032212885154061627,2
421,478,0.0032212885154061627,2
601,868,0.0032212885154061627,2
856,1081,0.0032212885154061627,2
627,1316,0.003236850295673825,3
1194,1250,0.0032446311858076566,4
983,1325,0.0032524120759414876,3
107,593,0.0032679738562091504,2
153,634,0.0032679738562091504,2
228,521,0.0032679738562091504,2
400,952,0.0032679738562091504,2
672,1009,0.0032679738562091504,2
717,1231,0.003478057889822596,3
243,1221,0.003540305010893246,3
877,1322,0.0037970743853096797,3
1129,1323,0.0037970743853096797,3
1097,1309,0.0039008195870940962,4
975,1306,0.003986409378566241,6
52,1279,0.003987617410517435,8
247,640,0.003991596638655462,2
715,1047,0.003991596638655462,2
506,1236,0.004003988426646378,6
1211,1298,0.00403828197945845,6
6,74,0.0040382819794584504,2
10,727,0.0040382819794584504,2
23,805,0.0040382819794584504,2
134,393,0.0040382819794584504,2
73,1348,0.0035247432306255836,3
221,480,0.0040382819794584504,2
316,822,0.0040382819794584504,2
903,1351,0.0029800809212573915,3
641,1352,0.0032627865961199296,4
404,659,0.0040382819794584504,2
998,1157,0.0040382819794584504,2
1241,1344,0.004084967320261437,11
616,1356,0.0040389369365404215,12
312,1170,0.004084967320261438,2
481,932,0.004084967320261438,2
42,1230,0.004240585122938064,4
368,1333,0.004263927793339558,3
761,1281,0.004323581284365598,4
1222,1327,0.004400093370681606,6
667,1300,0.004402254729052114,5
1209,1238,0.004446778711484594,6
1203,1251,0.0044701213818860875,5
695,1354,0.004520697167755991,3
1029,1233,0.004536258948023654,3
902,1297,0.004549515279362774,6
416,1369,0.004552589211267497,7
292,1367,0.0045850663497722325,4
1078,1342,0.004598506069094304,3
254,1364,0.004704844900923332,6
876,1303,0.004722135767887402,5
907,1370,0.004789986410659371,8
740,1324,0.004793028322440086,3
218,772,0.00480859010270775,2
547,1331,0.00480859010270775,3
803,940,0.00480859010270775,2
79,503,0.004855275443510738,2
225,1006,0.004855275443510738,2
350,801,0.004855275443510738,2
599,725,0.004855275443510738,2
680,1096,0.004855275443510738,2
781,1308,0.004887551728510334,6
266,323,0.004901960784313725,2
407,1386,0.00480859010270775,3
358,846,0.004901960784313725,2
435,477,0.004901960784313725,2
608,783,0.004901960784313725,2
993,1023,0.004901960784313725,2
1082,1195,0.004901960784313725,3
369,1225,0.005080921257391845,3
1272,1305,0.0051062091503267975,8
542,1334,0.005117232078016391,4
776,1353,0.005157865615381956,5
918,1328,0.005244319950202303,4
1257,1282,0.005287114845938375,4
1235,1311,0.005287114845938376,7
405,1271,0.005301379811183733,5
289,1388,0.005384375972611266,3
179,1337,0.005441435833592696,4
488,1361,0.0055062765847079575,4
622,1403,0.0052935989210499005,5
211,465,0.00557889822595705,2
257,721,0.00557889822595705,2
263,1088,0.00557889822595705,2
384,1021,0.00557889822595705,2
434,796,0.005625583566760037,2
426,1164,0.005672268907563025,2
1246,1254,0.005672268907563026,9
332,1293,0.005687830687830688,3
341,411,0.005718954248366013,2
978,1407,0.005771298418357242,3
327,1379,0.005835667600373483,3
751,1336,0.006053060955021739,4
1190,1286,0.006080765639589169,5
736,1220,0.006172839506172839,4
942,1401,0.0062065566967527755,4
739,1410,0.006248054777466542,3
273,1363,0.006295526066767896,7
833,922,0.006349206349206349,2
117,956,0.0064425770308123255,2
190,399,0.0064425770308123255,2
591,973,0.0064425770308123255,2
574,1366,0.006461596984472802,6
45,1426,0.006361309956081197,7
1150,1317,0.006484075111526093,4
28,655,0.006489262371615313,2
433,969,0.006489262371615313,2
613,1390,0.0065359477124183,3
550,1139,0.006535947712418301,2
645,901,0.006535947712418301,2
258,1310,0.006628689635225582,6
402,1312,0.006702804578621571,5
504,1413,0.006808278867102396,3
924,1358,0.006808278867102396,3
612,1437,0.005368814192343603,4
764,1389,0.006924992219109865,3
722,1332,0.007018362900715842,3
272,1326,0.0070780163917418815,4
1171,1318,0.007192136113704742,4
1284,1296,0.007259570494864612,6
511,746,0.007259570494864613,2
1151,1168,0.0073062558356676004,2
239,251,0.007352941176470588,2
1060,1098,0.007352941176470588,2
471,1338,0.007364180239997233,5
25,1387,0.0074022201473181864,4
536,1449,0.006119237818584223,5
92,356,0.007501485442661914,2
1313,1368,0.007691409897292251,5
14,1290,0.007741985683162153,3
214,1447,0.007741985683162153,3
933,1393,0.007760141093474428,4
1365,1399,0.007895658263305324,13
804,1456,0.005940085224762058,14
1289,1339,0.007923245055597996,9
883,1430,0.007998755057578587,3
788,1263,0.0080765639589169,3
479,1132,0.008076563958916901,2
625,1142,0.008076563958916901,2
758,853,0.008076563958916901,2
127,1375,0.008166124245765977,9
994,1371,0.008288036501544126,5
656,1288,0.008302209772798008,3
782,1347,0.008302209772798008,3
1184,1355,0.008368347338935574,4
55,1350,0.008395580454403983,3
309,1345,0.008426704014939309,3
615,1384,0.008543417366946778,3
311,1464,0.008633814058247206,10
1067,1415,0.008662724348998858,4
34,1261,0.008683473389355741,3
144,1463,0.008683473389355743,3
381,1360,0.008705086973060829,5
53,664,0.008753501400560224,2
95,291,0.008753501400560224,2
517,909,0.008753501400560224,2
448,1467,0.008784624961095548,4
1255,1277,0.008811858076563959,10
40,1481,0.008288345059102743,11
1070,1438,0.008819285289873526,5
948,1049,0.0088468720821662,2
61,1402,0.008870214752567693,5
75,1292,0.008893557422969187,3
683,1072,0.008893557422969187,2
966,1044,0.008940242763772177,2
193,1341,0.008955804544039839,3
888,1459,0.009185694479812127,4
936,1382,0.009212573918456271,3
704,1372,0.009269633779437701,4
422,1408,0.009391534391534392,3
728,1439,0.009401908911712832,4
1215,1362,0.009436274509803923,8
1156,1346,0.009697582736798422,3
329,657,0.009710550887021475,2
691,1048,0.009710550887021475,2
914,1059,0.009757236227824463,2
850,1436,0.009959539371304078,4
930,1349,0.009987126163596751,4
669,1397,0.010149738907908842,5
743,1462,0.010192966075319016,3
445,1492,0.010396998305495037,5
1014,1480,0.01047740083687796,5
985,1505,0.007992126891909028,6
427,880,0.010480859010270774,2
863,1291,0.010589791472144412,3
675,1425,0.010644257703081231,3
927,1265,0.010737628384687208,3
1411,1458,0.010743464052287582,18
66,1466,0.010836186326382405,4
339,449,0.0111577964519141,2
713,1484,0.011269322543832347,3
1374,1398,0.011659663865546219,9
1321,1378,0.011776377217553688,5
1329,1443,0.011924921483745014,8
799,1304,0.011956154203794,7
235,970,0.012021475256769375,2
227,1519,0.011990351696234048,3
545,1007,0.012021475256769375,2
362,891,0.012068160597572363,2
702,1517,0.012206606881019853,9
705,1268,0.012247121070650482,3
1335,1409,0.012616713352007468,5
817,1504,0.012758642551670873,6
112,231,0.013071895424836602,2
1104,1508,0.01314404549698667,4
1340,1343,0.01325704524233936,14
484,1491,0.013307915758896147,4
1140,1514,0.013357194729743749,4
1330,1471,0.013363678804855275,5
1395,1452,0.013375350140056023,9
118,1526,0.01342972031062082,7
960,1357,0.013470860348129773,13
1383,1496,0.01347650171179583,5
46,652,0.013702147525676937,2
1377,1381,0.013772175536881419,4
245,1499,0.013834422657952067,3
726,1539,0.011959228135698722,4
977,1511,0.014122982193667255,19
401,1541,0.013503492735720605,20
128,1532,0.014343926871159984,6
857,1283,0.014417989417989416,3
1287,1457,0.014425770308123248,16
200,1424,0.014519140989729224,3
899,1431,0.014615105301379808,4
602,1450,0.014730665928923008,6
770,1520,0.015027492478472869,4
169,1470,0.01533259768553886,4
19,1550,0.012090717319475489,5
440,723,0.015336134453781514,2
123,1004,0.015382819794584501,2
302,1032,0.015429505135387489,2
397,573,0.015476190476190477,2
63,551,0.01601307189542484,2
826,1556,0.016168689698101462,3
663,1515,0.016205672941330164,10
1294,1455,0.01630485527544351,7
125,1559,0.013813097255363048,8
864,1500,0.016452259916312204,5
60,1483,0.016526558247691142,6
166,1521,0.016534391534391533,3
72,1549,0.016803264515682814,5
27,1149,0.017016806722689078,2
1315,1434,0.018215771156947627,9
283,1394,0.018720245299765993,9
650,1513,0.01896981014628073,3
917,1507,0.019013901857039113,3
861,1569,0.013565549676660788,4
376,1533,0.019321679288999548,10
1128,1448,0.019568266263981584,6
847,1501,0.01962416466773765,5
1373,1416,0.019950555979967748,10
94,1092,0.02048001018589254,2
1385,1538,0.020681605975723626,10
93,1529,0.020869994919861776,15
1412,1486,0.020967553688141922,6
1405,1442,0.021055088702147527,6
1417,1574,0.021148459383753503,15
744,1580,0.016987395753634758,16
85,1576,0.021321688254634267,11
425,516,0.021451914098972923,2
1,855,0.021825396825396824,2
1396,1495,0.022169701213818865,13
418,1585,0.018977687096786586,14
1280,1468,0.022543183940242763,7
820,1587,0.022274959366462628,8
906,1566,0.022926758099839673,10
58,222,0.022939478821831765,2
1003,1414,0.023459619538050903,4
703,896,0.02404295051353875,2
508,1545,0.024384754663944526,17
408,1578,0.024462254037417433,7
628,1516,0.02503371719057993,6
1012,1525,0.025255904831068227,6
775,1536,0.025450427084414008,6
170,334,0.025490196078431376,2
756,1551,0.025649665028749994,6
1033,1586,0.025931049145767132,15
298,1579,0.02602967112771034,7
1482,1518,0.02640639589169001,18
352,1602,0.023917687788421266,19
1106,1589,0.026448418665799445,11
116,1577,0.02669354209470942,16
549,1588,0.02681611739345944,9
1404,1423,0.02689075630252101,7
1141,1607,0.026452624945725884,8
935,1597,0.027001994213323183,7
456,1605,0.027416365883421657,17
126,1567,0.0275076560116502,10
590,1108,0.027637721755368813,2
554,1025,0.0276844070961718,2
1114,1610,0.028053681362473756,18
461,1604,0.02808923720056348,12
610,1615,0.027881597585373008,13
949,1616,0.02781238438030952,14
555,1617,0.028189215671396463,15
109,1618,0.028462202565796818,16
661,1619,0.028414333346893507,17
534,1620,0.026173796459581473,18
798,1608,0.028483661411523913,9
815,967,0.028618113912231555,2
1042,1609,0.028629737217246293,8
791,1624,0.02861763361037144,9
146,1606,0.028974113650947347,10
338,1626,0.028983463527157544,11
686,1627,0.02817967302757103,12
1107,1628,0.028647693391231403,13
619,1103,0.028999377528789297,2
1080,1582,0.029006251182076243,12
842,1601,0.029110039077359335,8
444,1595,0.02912934721213588,7
583,1633,0.028228300922563808,8
1435,1465,0.029287447302153186,10
343,1635,0.024222801728248346,11
737,1636,0.02808924625676017,12
493,1637,0.028858107652588408,13
497,1638,0.028944794861037893,14
732,854,0.029365079365079365,2
7,1625,0.029491163940046368,10
839,1641,0.02954723473497512,11
363,1642,0.02918438268972172,12
527,1596,0.029946340676188166,7
812,1629,0.030072096748401472,14
164,1643,0.030089706235364923,13
1061,1646,0.02854842059697349,14
178,1647,0.029873596049551938,15
394,1622,0.030220859872679445,10
1153,1649,0.030172331595850244,11
1117,1650,0.02898003855981926,12
43,1651,0.029806845598914597,13
1152,1652,0.02924684815377789,14
824,1614,0.030321152483329856,19
20,1654,0.02983214669580828,20
905,1655,0.028462567417121276,21
301,1656,0.02879957137273903,22
874,1634,0.030348673534342858,9
604,1658,0.030528722691637235,10
522,1648,0.030557701401662057,16
328,1644,0.030569676430242877,8
154,1421,0.030655685394247484,8
1095,1662,0.029818720105575586,9
838,1632,0.03081030766215951,9
1051,1600,0.030852040557115996,16
498,1611,0.030909409945962838,11
1037,1485,0.0313396963723761,6
102,1506,0.031363039042777596,7
895,1668,0.030201028742544107,8
670,1657,0.031607760760585676,23
785,1670,0.02987140923960336,24
201,1671,0.03096647595182074,25
303,1419,0.03172268907563025,5
1054,1673,0.030446623093681915,6
828,1674,0.030225299996541822,7
120,1675,0.02937529378463776,8
1093,1653,0.0317991204088626,15
195,1677,0.03128239248788904,16
1085,1645,0.031862017727321015,15
307,1679,0.031589825590047735,16
823,1680,0.02904846038186776,17
559,1681,0.02901831929888223,18
151,1682,0.03060142270190802,19
580,1683,0.030623359797372532,20
157,1676,0.03211843646161406,9
65,1473,0.03216447072656223,5
336,1568,0.032217129275952806,4
943,1594,0.03222354785535613,8
1055,1688,0.030346528186034356,9
414,1684,0.03233842199180803,21
572,1428,0.032410001037452014,5
710,1691,0.03180971977268274,6
1173,1661,0.032456750418503016,9
186,1593,0.032522839954454576,18
1175,1392,0.03258896151053013,4
520,1472,0.03271766084666736,11
1159,1696,0.03238664801711145,12
694,1697,0.030117617481476802,13
689,1698,0.029180813118720783,14
241,1027,0.032734912146676856,2
173,1542,0.0328505012365525,21
406,1690,0.03294982371982189,22
1453,1479,0.03297152194211018,5
300,1703,0.030075733997302623,6
80,1704,0.03262786596119929,7
121,1705,0.03065190410869423,8
893,1706,0.031378440722425224,9
171,1534,0.0331105693306129,8
544,1708,0.025869773301791375,9
132,1528,0.03318793286113547,5
779,1710,0.0255516048544371,6
265,1692,0.03325197019823018,7
662,1699,0.03337174067813249,15
582,1711,0.03346984385473854,7
1172,1714,0.03061521195750196,8
370,1715,0.030766302308705272,9
558,1716,0.03204242456844732,10
968,1672,0.033620429461777686,26
419,1718,0.03189619417130418,27
56,1719,0.030385150813173264,28
741,1490,0.033632150952412385,5
693,1721,0.030454299190682627,6
69,1531,0.03368260884600753,5
347,1723,0.03098667450519302,6
1105,1564,0.03372180147779276,6
797,1725,0.030754496586014375,7
609,1726,0.03028072683119887,8
1056,1727,0.031621729624634484,9
346,1664,0.03381236506186074,10
666,1729,0.0297893068724721,11
413,1707,0.033823924326627466,10
882,1731,0.02979315996072767,11
54,1685,0.03384570156874415,10
592,1733,0.030901157055482523,11
1074,1734,0.03027264392409292,12
4,1543,0.033894710147433456,7
584,1736,0.02951726519264645,8
213,1667,0.03413812713013875,7
611,1547,0.034162430404260466,5
136,1739,0.032407407407407406,6
382,1740,0.030914821346920113,7
410,1741,0.03147402079258772,8
840,1742,0.029856086619985595,9
375,1743,0.029667182119507356,10
29,1720,0.034225799961841434,29
915,1745,0.03431200361861208,30
749,1558,0.03445170020454455,11
365,1603,0.03446667732106644,20
887,1748,0.031937111243081455,21
964,1749,0.03447107224779905,22
194,1744,0.03448841898526756,11
308,1751,0.031239920084727937,12
595,1752,0.032962856641297174,13
1069,1753,0.03441378138192747,14
206,1433,0.034905073140367254,3
1441,1573,0.034916744475568,9
1158,1756,0.027713950026949295,10
759,1474,0.03493879033094719,4
688,1562,0.03512464968528876,7
1118,1665,0.035542419477571044,17
557,1757,0.035632555803216656,11
537,1747,0.03572510851620026,12
941,1575,0.03581307944053042,3
512,1702,0.035844110819910666,23
83,1764,0.03335828792771009,24
1005,1400,0.036043676729951235,6
563,1548,0.03628219463368337,7
35,1155,0.03638344226579521,2
1124,1760,0.03651860945135822,18
752,1557,0.036979977176055605,4
412,1770,0.035306221253933665,5
530,1631,0.03726846070440572,13
505,1493,0.037413113393505545,4
389,1540,0.03760850019019953,5
566,1771,0.037753167110465585,6
24,1767,0.03845142995469793,8
617,1746,0.038750346079069756,31
282,1777,0.03114569506919588,32
150,1502,0.03894767783656672,6
813,1689,0.03967968989150301,10
133,1420,0.03975516132378877,4
417,1735,0.03981966843311808,13
957,1759,0.040206607230330295,8
931,1422,0.04024276377217553,3
526,1784,0.03851021890237576,4
568,1785,0.03708026420444721,5
673,1678,0.040332927409716696,17
149,1728,0.04043150461424218,10
519,1182,0.04084967320261438,3
388,1451,0.04117151911269558,3
518,1790,0.038596751832045945,4
1022,1780,0.041328598197395094,11
224,1792,0.03562361183867948,12
687,1537,0.041604419545596016,3
626,1772,0.0419104145239867,14
299,1795,0.03537001533152287,15
1008,1732,0.04224837546889122,12
180,1796,0.042373962396266895,16
333,1695,0.04251391914790607,5
288,1782,0.04274818096662301,14
226,1793,0.04288359859515618,13
84,1489,0.04316531326335247,4
539,1546,0.04349258221807241,4
464,1429,0.043656452479981886,3
987,1804,0.043163426986956396,4
867,1803,0.0441375315558322,5
100,1572,0.04435318709102296,7
1043,1807,0.04305304197582095,8
1015,1808,0.03324758344124114,9
373,1809,0.03073730177942233,10
267,1810,0.030395699237204744,11
878,1811,0.030067481897442655,12
767,1812,0.028858729858821503,13
528,1813,0.02912151550268315,14
252,1814,0.04032096748588879,15
141,1789,0.0449346405228758,4
89,1816,0.03577221011861534,5
837,1817,0.03243536097566599,6
668,1818,0.034272262340526674,7
270,1819,0.040671556896441904,8
26,1806,0.045257691553987844,6
1167,1821,0.03711446169688726,7
541,1822,0.033568264983176624,8
809,1823,0.0321510756413524,9
682,1824,0.03127684442674087,10
297,1825,0.03259228567377433,11
396,1826,0.03083313603402602,12
618,1827,0.03576102415842193,13
138,1828,0.035977717953820224,14
523,1583,0.04527699968876439,3
176,1830,0.03497250752152713,4
1019,1831,0.04532454957291558,5
463,1832,0.0362822906940554,6
873,1833,0.0388430680914341,7
1040,1570,0.04626085001901995,5
76,1829,0.046582593100539804,15
234,1836,0.04569720172826429,16
753,1837,0.03412885683328261,17
337,1838,0.029894908667191786,18
467,1839,0.035471334489388204,19
124,1640,0.046825396825396826,3
395,1841,0.03520074696545285,4
651,1842,0.03205726735138499,5
499,1843,0.04076379523002616,6
260,1844,0.04240223586628815,7
487,1786,0.04777610632730457,6
429,1846,0.04068031876673851,7
229,1847,0.03952119027766571,8
238,1432,0.047805788982259574,3
510,1755,0.047969187675070024,4
1359,1571,0.048902894491129785,12
354,1581,0.049731776153949955,17
500,1687,0.049760128518298447,5
543,1853,0.037634593680345316,6
160,1758,0.050421032610575095,5
1077,1855,0.04940922871206095,6
679,1851,0.05058411110214546,13
451,1794,0.0515406162464986,4
831,1754,0.05311459142075556,15
264,1738,0.053613663114994506,8
5,1834,0.054052530934641796,8
827,1724,0.056145025662091744,7
67,578,0.05637254901960784,2
980,1863,0.04003267973856209,3
432,1864,0.036622056229899363,4
88,1865,0.05594805823563993,5
748,810,0.05637254901960784,2
742,1860,0.056496477572891675,9
2,1866,0.05692700948692232,6
185,1869,0.038993882875509596,7
552,1848,0.05701194820253966,9
690,1871,0.04686595920693126,10
44,1872,0.04297447763674217,11
947,996,0.057142857142857134,2
189,1874,0.045611577964519145,3
981,1875,0.038896669779022716,4
1160,1876,0.043836670470657396,5
734,1877,0.05165967871124007,6
926,982,0.05718954248366012,2
281,1879,0.040787426081543725,3
916,1880,0.03717449942940139,4
215,1881,0.04506778019849915,5
945,1882,0.04856572258533043,6
355,1883,0.042653014566594816,7
564,1805,0.057658203573236255,5
644,1885,0.04933144600900592,6
168,649,0.05795985060690943,2
631,1887,0.04261593526299408,3
1099,1888,0.0468694885361552,4
1035,1041,0.05795985060690943,2
986,1663,0.058019358551917255,10
630,1891,0.04030144016426595,11
771,1730,0.058119515990446714,12
507,1893,0.05010843770124447,13
250,1666,0.05856332321070479,12
735,1889,0.05875868866064944,5
70,1896,0.045979847232570537,6
768,1861,0.05891485080543419,9
1498,1535,0.05917508417508418,15
501,1892,0.05924140076282414,12
821,1013,0.059547152194211014,2
468,585,0.059593837535014,2
1162,1902,0.05850451291627762,3
708,1903,0.04187675070028011,4
486,1904,0.03398346993118234,5
278,1905,0.03878089083245219,6
548,1884,0.05975662784546831,8
1264,1391,0.06000233426704015,4
390,1870,0.06002389982055922,8
255,1897,0.06018820672052334,7
653,1840,0.060239125018661556,20
1064,1873,0.06054987344619185,12
685,1028,0.06113445378151261,2
183,879,0.061227824463118585,2
1320,1445,0.061589635854341726,4
1376,1522,0.06160130718954249,5
793,1916,0.05749645537227236,6
1039,1906,0.06169308850862954,7
1119,1918,0.04670002057438513,8
466,1907,0.061855632361159665,9
15,733,0.06190476190476191,2
212,1921,0.056302521008403356,3
106,262,0.061951447245564895,2
1084,1923,0.0543261749144102,3
340,1924,0.03988696488696489,4
96,1925,0.0452814533969218,5
205,1926,0.05037177983801078,6
268,1927,0.05695016876934088,7
639,1910,0.06196904084824685,8
474,1929,0.04497484130341389,9
514,1930,0.03881393969727885,10
430,1931,0.04291825676769685,11
1161,1932,0.057682393644899355,12
230,1933,0.06013637471678799,13
600,1934,0.05786967818026104,14
115,1935,0.04772178559180757,15
319,1936,0.05904634853075019,16
845,1937,0.05711324832182536,17
928,1797,0.062171872197992084,13
304,1909,0.06227465643668338,9
1478,1908,0.06317693744164334,6
383,1920,0.06321741265728462,10
98,1942,0.061219702707803816,11
1487,1552,0.06322362278244631,4
1460,1469,0.0632469654528478,6
1017,1913,0.06328197945845004,3
1020,1946,0.057277725905176886,4
808,1947,0.06137393228896496,5
284,958,0.06363211951447245,2
818,1912,0.0638457277382776,13
1057,1950,0.054759070607581596,14
1475,1497,0.06408730158730158,5
1053,1922,0.06410934744268078,4
729,1953,0.0629508593560881,5
920,1954,0.054153309908574976,6
110,1955,0.05212484669637901,7
165,1956,0.06225185713808323,8
1121,1957,0.0630324883552512,9
1011,1958,0.04706942251389385,10
731,1959,0.061548808093900745,11
997,1845,0.0641155709904197,8
1454,1915,0.06419817927170869,7
692,1112,0.06449579831932774,2
754,1886,0.06466324028052423,7
103,1964,0.06304176739906586,8
1461,1555,0.06488095238095239,4
113,1919,0.06491726271642352,9
1034,1951,0.06558888564670125,15
576,1890,0.06561624649859944,3
1440,1553,0.06565126050420168,5
1503,1510,0.06605975723622783,6
546,1113,0.06676003734827264,2
1554,1941,0.06747782446311859,8
1509,1592,0.06760037348272643,5
1527,1584,0.06769374416433241,4
1945,1975,0.06645658263305322,10
1071,1976,0.055285433789427976,11
792,832,0.06839402427637722,2
816,1978,0.05305010893246187,3
77,1979,0.05915237026348137,4
1477,1713,0.0683945547916136,17
678,1878,0.06848767440633816,7
844,1982,0.05572516324150312,8
623,1983,0.06614415063943022,9
939,1948,0.06873378981222117,6
357,1985,0.05244022163049032,7
871,1986,0.04847558593624921,8
1002,1987,0.0605297110461316,9
306,1988,0.046492248781847746,10
202,1989,0.06315832011139397,11
1000,1990,0.06752757368835939,12
1476,1659,0.06956699346405229,15
1544,1612,0.06956699346405229,5
1319,1494,0.06957282913165266,6
1266,1563,0.06973622782446312,5
8,371,0.06993464052287582,2
359,1928,0.0700150139450551,8
143,1997,0.06738878547359141,9
674,1984,0.07023584994818755,10
246,1999,0.06156336560664272,11
671,1940,0.07048430961527063,10
538,2000,0.07090481703831235,12
696,2002,0.06182735172763891,13
1962,1966,0.07113095238095239,11
1693,1992,0.07130018674136321,24
3,1980,0.07208027992341717,5
531,2006,0.06564674130033607,6
976,2007,0.06306832372554957,7
681,2008,0.04673285284517432,8
242,2009,0.06853439855941268,9
1524,1971,0.07209383753501401,9
447,1938,0.07213878896640055,18
47,2012,0.06149171374589025,19
1981,1993,0.07257660640013582,22
1512,1970,0.07300420168067226,9
938,1998,0.07334489078686071,10
765,2016,0.07349259196426504,11
22,2017,0.05974928833711121,12
286,2018,0.06684899169650119,13
570,2019,0.06741066413472913,14
1565,1613,0.07377450980392156,4
155,2010,0.07415091654985143,10
78,2022,0.051744913693863366,11
1052,2023,0.06223914435823189,12
1079,2024,0.06730481345905424,13
367,2004,0.07463833269933487,12
353,2026,0.06946106288880434,13
811,2027,0.04963359372098176,14
965,2028,0.06366854774221836,15
532,2029,0.06057897578581298,16
1038,2030,0.07096861140339986,17
921,2031,0.0717321358243952,18
280,2032,0.07402303880002362,19
1781,1952,0.07473155929038282,9
1380,1944,0.07507002801120449,6
423,2003,0.07521778370547538,14
1444,1769,0.07655069603599016,20
490,2001,0.07663375480915847,11
632,1073,0.07675070028011205,2
1717,1994,0.07675494440200323,16
984,1961,0.07680985600375578,9
318,2041,0.06625468281376186,10
1133,1914,0.07702303143479614,3
142,1901,0.07703859321506379,3
348,1488,0.07705415499533146,3
137,2020,0.07718185661650859,15
1974,2011,0.07719421101774043,14
535,2047,0.07062665944292668,15
1418,1694,0.07755018674136321,22
495,1406,0.07756769374416433,3
1001,2050,0.0702303143479614,4
324,2036,0.07784458130113511,15
1590,1775,0.07835816144639673,8
483,2014,0.07856666321609165,23
806,2054,0.06641897575696157,24
1068,2055,0.06311168878394115,25
431,2056,0.07178687855086442,26
643,1991,0.07874311257015351,13
1016,2058,0.07004615572180262,14
217,2059,0.0654758257757139,15
237,2052,0.07896777641848027,16
162,2061,0.06739145922057051,17
1120,2062,0.0762797766119826,18
944,2005,0.07907817075245818,25
1075,2064,0.06830014680712954,26
794,2065,0.07042655334554153,27
1523,1669,0.0791288232464703,17
321,2025,0.07937525608242915,14
961,2068,0.07563865107506718,15
636,2069,0.06944305735783741,16
1686,2021,0.08020541549953315,9
256,2042,0.08035910778229471,11
825,925,0.08056404379933792,2
865,1949,0.08057889822595704,3
1750,1973,0.08067226890756302,30
1621,1630,0.08075467560761679,20
36,2039,0.0811391223155929,3
1639,2015,0.08136671335200746,23
658,1147,0.08151260504201681,2
807,2060,0.08178615296629356,16
913,2080,0.0818100517047115,17
963,2081,0.08161365444394694,18
1101,2075,0.08249636686671698,31
614,2083,0.07485819301706505,32
475,2084,0.06994369004957449,33
1111,2085,0.08129819663125115,34
633,2086,0.07634410187667143,35
1787,2035,0.08302987861811391,23
894,1030,0.08309990662931839,2
699,2074,0.08332295881315488,4
1591,2053,0.08368029029793736,12
974,2078,0.08386557813559116,24
718,1856,0.08414581195990056,7
325,1967,0.08453437066632687,10
787,2094,0.07811435132772447,11
660,2095,0.08345002749482877,12
181,2096,0.0799548737697065,13
1560,1712,0.08490896358543418,15
1427,1446,0.08562091503267973,9
1530,1623,0.08579598506069094,6
848,2048,0.08621200652185884,16
836,2070,0.0870534027865046,17
1700,1788,0.08709574738986503,12
1765,2034,0.08733076563958915,33
437,2104,0.08250215796946973,34
937,2105,0.07892037994046341,35
1087,2091,0.08770723278711658,13
834,2107,0.07026939442415919,14
184,2108,0.0697310214277678,15
1135,2109,0.06737424632480384,16
249,2110,0.08642947447033883,17
335,2111,0.06758632931418476,18
457,2112,0.07321239249866543,19
295,1968,0.08777892479903872,16
556,2114,0.07641853059833194,17
1116,1963,0.08791627762215998,3
172,2116,0.0738562091503268,4
955,2117,0.06230072275823909,5
361,2118,0.06872341529204273,6
567,2119,0.07643379711280945,7
294,2120,0.07641026232166392,8
97,1996,0.088069773363891,3
898,1969,0.08841771276411799,4
1026,2088,0.08851159108092368,24
747,2124,0.0761880316899742,25
724,1960,0.08890740345646189,12
1174,2066,0.08920508846264813,28
1561,2049,0.09009103641456583,27
1127,2082,0.09015761879469655,19
1660,2071,0.09049564270152505,25
159,2130,0.08500335287968136,26
995,2131,0.07168865515722556,27
315,2132,0.08922392729881624,28
1143,2133,0.08693805208666747,29
802,2128,0.09059111570851569,28
351,2046,0.0906583779292114,16
1768,1776,0.09129512916277621,10
62,2045,0.09236694677871149,4
314,2134,0.09261026986178447,30
745,2043,0.0933680879759311,4
1778,2076,0.09372506578388931,52
403,2138,0.09407009717467232,5
1144,2141,0.0946571528797008,53
49,2093,0.0948989060644834,8
1709,2040,0.09507894066717595,25
1102,2145,0.08784959658239873,26
1598,1859,0.09516806722689075,17
1125,2077,0.09521734619773836,4
454,2090,0.09523578978916669,5
835,2149,0.08096244109316003,6
562,2129,0.09528996745151544,20
571,2126,0.09564818211727111,13
374,2152,0.08621632326901696,14
99,2153,0.09074057408223105,15
192,2057,0.09633863147825553,27
163,2098,0.09664510218048503,16
1722,1763,0.09669842684548567,9
345,2072,0.09688733258580036,12
866,2121,0.09827951216234923,9
714,2122,0.0983419630478454,4
635,2115,0.09922574795283298,18
248,1943,0.09933560097048445,12
1130,2162,0.09584119701699019,13
175,2150,0.09935788007683433,7
577,2151,0.10017469710126509,21
676,2038,0.1004026124502588,12
706,2166,0.09614636361692394,13
795,2143,0.10126106136880111,54
436,2106,0.10141030935582163,36
492,2097,0.10231234409495522,14
277,2170,0.08321920746875616,15
269,2171,0.09668156361650383,16
489,2172,0.09688965196834028,17
148,2067,0.10358326210958071,18
158,2156,0.10382593519041512,17
1737,1762,0.10426233624763037,20
1899,2100,0.10463811787341198,21
290,2177,0.09174444225413858,22
540,2113,0.10480409204571803,20
638,2179,0.10436743571037754,21
392,2178,0.10484986781596875,23
90,2174,0.10487327679066744,19
310,2182,0.08619045503778822,20
68,2183,0.10489265255942083,21
992,2146,0.1057530201943582,27
30,2136,0.10772390891556678,17
1766,1835,0.10801820728291318,11
71,2187,0.10486014250235987,12
719,2188,0.09899196380274407,13
665,2189,0.10846684657707008,14
777,2190,0.0982339597086273,15
908,2101,0.10883674175586275,17
1852,1995,0.1092866692131398,22
872,2193,0.10584266160763942,23
946,2063,0.10990007747262727,19
1176,2142,0.11013145250618017,6
398,2087,0.1111889103912469,36
830,2135,0.11176441120058069,29
1599,1773,0.11284642644936763,10
152,2127,0.11300001163246545,29
959,2200,0.09929503767809503,30
111,2201,0.10880352097118909,31
462,2202,0.10356686215635931,32
182,2203,0.09783881213930319,33
774,2204,0.08495944439471617,34
385,2205,0.07930553190619123,35
156,2206,0.11173081333192186,36
786,2207,0.10561086904276525,37
240,2208,0.08386731886633234,38
1802,1862,0.11444663724075489,11
131,2144,0.11553393149253717,9
1062,2211,0.09181297114135545,10
565,2212,0.08017057437025699,11
762,2213,0.10832263746192157,12
1010,2194,0.11670337430683023,24
1917,2157,0.11709160937102114,15
923,2216,0.10078790754777198,16
533,2217,0.09331556397574849,17
1110,2209,0.11777166970295483,39
203,2169,0.11846579970419609,37
988,2163,0.11964901521085998,14
1761,2147,0.12490468409586059,28
780,2222,0.12033679983286445,29
51,2223,0.08938428336955735,30
470,2137,0.1257964412881615,11
999,2185,0.12584579315846423,28
441,2226,0.12371008098841185,29
12,2219,0.12771902570240493,40
2176,2199,0.12785417197181903,30
575,2229,0.09865165396072925,31
766,2230,0.10455143636701225,32
450,1965,0.1280189223019853,9
244,2228,0.12803465824938898,41
515,2233,0.11990092854909631,42
1799,2099,0.1281862745098039,14
569,2214,0.1284967479751124,13
886,2236,0.11939316540776641,14
1045,2237,0.12199287937443307,15
11,2234,0.12956176446451909,43
553,2224,0.1303024696831837,31
589,897,0.1304388422035481,2
1800,1820,0.13086696799932096,22
851,2235,0.13185248798498211,15
991,2243,0.10464263335776824,16
209,2244,0.11601014739076546,17
104,2245,0.0941499557592573,18
1136,2246,0.09404621714597575,19
1798,1849,0.13193860877684407,19
1201,1854,0.13437208216619984,8
697,2148,0.13804509458104228,5
177,2159,0.13843579184362959,10
677,2125,0.138954827192038,26
757,2218,0.13898271723186323,18
509,2253,0.13506239785643329,19
730,2254,0.11143259933736038,20
712,2255,0.1302469451997367,21
763,2256,0.13474948420465033,22
829,2168,0.13905841370139402,55
1779,2037,0.13949208471267294,26
82,2184,0.14149177972250246,22
1774,2248,0.14556330107800697,24
261,2261,0.14096387254962933,25
1163,2262,0.12231408403802548,26
647,2191,0.1471129229125081,16
210,2173,0.14776108715577477,18
2103,2242,0.1479092394533571,34
360,2266,0.11095685923147869,35
698,2267,0.1410873784813212,36
446,2192,0.1494526845484375,18
1024,2013,0.15032882845903223,20
330,2251,0.15076162226031775,11
1783,1895,0.1528419701213819,20
236,2268,0.1536987138771616,37
188,2102,0.15409771251643428,18
1791,1858,0.1546435998641881,8
1701,1857,0.15672268907563025,34
296,2276,0.14915134844418398,35
1894,2210,0.15913688707806356,24
1063,2278,0.15363533681379707,25
841,2279,0.156559537343866,26
1815,2249,0.15923662394250632,23
1090,2281,0.1441897601387852,24
174,2257,0.1648777818786767,23
1801,1850,0.1659080298786181,17
890,2284,0.16688072765238984,18
597,2285,0.16762626357580562,19
13,2250,0.1783751510331031,6
1868,1911,0.18778011204481793,29
1939,1977,0.1884181450357921,24
1900,2272,0.19494843391902217,32
1867,1972,0.20322128851540616,4
2259,2275,0.21221829640947287,34
2089,2123,0.22266767818238406,6
2288,2292,0.2261437908496732,63
1898,2044,0.23091153127917835,12
2140,2158,0.23581349206349206,16
2289,2290,0.260092875534052,56
2294,2297,0.2543905440964264,119
2073,2161,0.2626151218062983,20
2079,2293,0.2629940865234983,8
2051,2186,0.2656494921200803,21
2291,2301,0.2827205882352941,25
2296,2300,0.28892195767195766,24
2221,2295,0.29318394024276373,26
2160,2299,0.2971293820558527,24
2092,2215,0.3119029935206406,48
2298,2306,0.26522914721444135,167
2155,2164,0.31204481792717087,34
2167,2303,0.31705394278923693,37
2304,2305,0.3242726636108989,50
2154,2232,0.337681436210848,24
2225,2282,0.34115578049401585,35
2196,2198,0.3444014727102962,35
2277,2313,0.3360527544351074,70
2310,2311,0.35001007978949156,74
2195,2220,0.35598739495798315,56
2197,2309,0.35789583510171746,73
2165,2302,0.3589619938884645,46
2033,2308,0.36004318394024276,53
2175,2181,0.3693689344424639,40
2270,2274,0.37608401946637243,38
2318,2321,0.36383053221288514,84
2307,2320,0.37777583255524433,207
2139,2319,0.39232609710550886,83
2180,2316,0.3942051820728291,77
2241,2273,0.40140851795263566,39
2238,2287,0.41137212460741873,21
2239,2265,0.4183745720510426,61
2252,2324,0.4206699346405228,109
2240,2315,0.43059074639956996,105
2260,2322,0.43255524431995024,106
2258,2269,0.44055046260928615,73
2325,2332,0.42649817502758675,150
2231,2271,0.44066134029369325,43
2323,2333,0.4637429971988795,357
2264,2326,0.4675653594771242,55
2317,2334,0.4743113912231559,116
2330,2337,0.47638305322128854,221
2312,2331,0.47826125399654806,141
2227,2247,0.4785422502334267,48
2329,2338,0.49395849248790424,330
2283,2286,0.5093673075290722,42
2263,2336,0.5140445066915655,81
2314,2335,0.5208812565430212,427
2341,2344,0.528419878052231,757
2280,2339,0.5384190292278528,167
2327,2328,0.5387589126559715,82
2345,2346,0.5506910845146139,924
2340,2347,0.5790557889822596,130
2342,2343,0.5811582208641032,123
2348,2350,0.5789003480179951,1047
2349,2351,0.6152337450131568,1177
